INSERT INTO users (
    id, username, email, password_hash, first_name, last_name, bio, photo_url,
    role, status, affiliation, created_at, updated_at
) VALUES (
    '87410b02-b6ed-4eca-af3c-eefdc7a2189e', 'jensenmichael', 'davidleblanc@jones.com', '3c1c1ac6665b91bd9501ee9b8d48e5652e2c4287fe4da27b0a88d4bebf8dd4ac',
    'Samuel', 'Smith', 'Region no somebody let various expert staff.',
    'https://placekitten.com/100/100', 'GUEST',
    'SUSPENDED', 'Skinner-Clark',
    '2022-12-22 08:07:57',
    '2022-02-25 16:35:21'
);
INSERT INTO users (
    id, username, email, password_hash, first_name, last_name, bio, photo_url,
    role, status, affiliation, created_at, updated_at
) VALUES (
    '20cc842c-cb28-4b36-9ddb-4f7fa26e44f8', 'martinezjames', 'warnerpamela@hotmail.com', 'ec4a3986ae83558b27478929bbfd249c278c098ad7ed548c399e269002f492bf',
    'Heather', 'Mcguire', 'Military sound enter employee network third.',
    'https://placeimg.com/100/100/any', 'ADMIN',
    'ACTIVE', 'Tucker, Villa and Gonzalez',
    '2022-01-30 21:48:57',
    '2023-01-01 16:57:06'
);
INSERT INTO users (
    id, username, email, password_hash, first_name, last_name, bio, photo_url,
    role, status, affiliation, created_at, updated_at
) VALUES (
    '3e272e72-a52f-41af-8366-063c2a046906', 'denise30', 'pfletcher@gmail.com', '46360b01b719fabd9aea34617b09d1641703437a06f0f48841d37f0689c406a0',
    'Joyce', 'Collins', 'Recent seat so nation certainly father.',
    'https://dummyimage.com/100x100', 'RESEARCHER',
    'INACTIVE', 'Griffith, Khan and Hill',
    '2021-07-24 10:16:55',
    '2023-08-19 07:16:07'
);
INSERT INTO users (
    id, username, email, password_hash, first_name, last_name, bio, photo_url,
    role, status, affiliation, created_at, updated_at
) VALUES (
    'eb55a489-c602-4d5e-a27a-9696eb48a3d7', 'robertmaynard', 'traci08@yahoo.com', '529001be7e5c800b0a79ceb4a5e649a9c502c161f0f814dcbdd3b6df65f5a777',
    'Deborah', 'Gray', 'Arm age call often.',
    'https://www.lorempixel.com/100/100', 'GUEST',
    'INACTIVE', 'Sanchez, Morris and Anderson',
    '2022-10-06 23:27:34',
    '2020-02-04 08:39:26'
);
INSERT INTO users (
    id, username, email, password_hash, first_name, last_name, bio, photo_url,
    role, status, affiliation, created_at, updated_at
) VALUES (
    'a0cec4a9-ed6e-4f95-b81d-3d1271a92b85', 'harristerri', 'wernercrystal@gmail.com', 'be926edcf7fc60a5c3850a6d339f52f04f0e9309431ba3fdf392ccc5b92f80d0',
    'James', 'Faulkner', 'Trial their detail seek sing reality.',
    'https://www.lorempixel.com/100/100', 'LEADER',
    'ACTIVE', 'Hernandez-Martin',
    '2025-03-18 04:01:42',
    '2023-11-26 05:19:05'
);
INSERT INTO users (
    id, username, email, password_hash, first_name, last_name, bio, photo_url,
    role, status, affiliation, created_at, updated_at
) VALUES (
    'c1b54672-f483-449b-b0e6-8502b6f1b54c', 'katherine77', 'xturner@hotmail.com', 'a497dd3134ef85ccfcf9454f2f68a9237081c57cb7144100d6092face3d60e20',
    'Angela', 'Kaufman', 'Total important must option.',
    'https://placeimg.com/100/100/any', 'RESEARCHER',
    'INACTIVE', 'Anderson LLC',
    '2025-04-16 10:08:04',
    '2021-08-09 03:17:32'
);
INSERT INTO users (
    id, username, email, password_hash, first_name, last_name, bio, photo_url,
    role, status, affiliation, created_at, updated_at
) VALUES (
    'b7b9b825-18f2-43fa-a6f4-992651d8a0a2', 'dwilkinson', 'mrowe@long.com', '5c72b1ad1795623c5ba5a5c1c30a136ee50ccfe4e915bfd88dfa80a27dd481f9',
    'Amanda', 'Gill', 'Box happen good sell be star.',
    'https://placekitten.com/100/100', 'ADMIN',
    'SUSPENDED', 'Thomas, Gonzalez and Frazier',
    '2024-10-20 18:08:08',
    '2021-02-03 00:00:37'
);
INSERT INTO users (
    id, username, email, password_hash, first_name, last_name, bio, photo_url,
    role, status, affiliation, created_at, updated_at
) VALUES (
    '782771da-39dc-4ed1-b5f9-b35f185aea53', 'wandapotter', 'clarkluis@hotmail.com', '88f03a41d14c7ee5311cf5f6d72051347ca3a2354b25c4eecb750223cf215e55',
    'Lisa', 'Stein', 'Because research green sport once.',
    'https://placekitten.com/100/100', 'ADMIN',
    'INACTIVE', 'Nguyen, Taylor and Marshall',
    '2023-06-16 01:26:19',
    '2021-08-19 08:30:39'
);
INSERT INTO users (
    id, username, email, password_hash, first_name, last_name, bio, photo_url,
    role, status, affiliation, created_at, updated_at
) VALUES (
    '5fdb2598-0c8a-4ba8-bac5-678abc01de14', 'hessamy', 'jennifer08@greene-greene.com', '66d5bdbe2afea30e8d26cb3e3e192a29e76d41114daeb134f7393402d9776bac',
    'Alan', 'Wallace', 'Pay attention avoid include.',
    'https://placekitten.com/100/100', 'LEADER',
    'INACTIVE', 'Long-Coleman',
    '2024-05-19 09:46:00',
    '2024-01-28 03:18:10'
);
INSERT INTO users (
    id, username, email, password_hash, first_name, last_name, bio, photo_url,
    role, status, affiliation, created_at, updated_at
) VALUES (
    '86eaf371-6827-4583-ad0e-7384be573573', 'meyerraymond', 'schaeferjohn@gmail.com', 'b25bd229c8cf061bb1b2dffe0316aec7fe157281b31f67c8e31382df02488e75',
    'Evan', 'Perez', 'Form vote glass stock.',
    'https://www.lorempixel.com/100/100', 'ADMIN',
    'SUSPENDED', 'Davila, Brown and Barron',
    '2020-06-29 15:11:13',
    '2023-10-30 05:54:22'
);
INSERT INTO links (id, type, link, user_id) VALUES (
    'a1e95126-b7d6-4e63-97b0-ed6ad8385847', 'WEBSITE', 'http://flores-sandoval.com/', '87410b02-b6ed-4eca-af3c-eefdc7a2189e'
);
INSERT INTO links (id, type, link, user_id) VALUES (
    '2aa9aded-4b43-4349-90fc-c5913037d3d5', 'RESEARCHGATE', 'http://wood.net/', '20cc842c-cb28-4b36-9ddb-4f7fa26e44f8'
);
INSERT INTO links (id, type, link, user_id) VALUES (
    '1c105722-2a29-49ad-89d7-62319a4db0d4', 'WEBSITE', 'http://rogers.com/', '3e272e72-a52f-41af-8366-063c2a046906'
);
INSERT INTO links (id, type, link, user_id) VALUES (
    'd8f36254-5f8a-43ba-a801-9b8700932a12', 'OTHER', 'http://www.kennedy.info/', '3e272e72-a52f-41af-8366-063c2a046906'
);
INSERT INTO links (id, type, link, user_id) VALUES (
    '8c9bf514-d1e5-47de-84db-d8d55e6cd5cd', 'RESEARCHGATE', 'http://www.blair.org/', 'eb55a489-c602-4d5e-a27a-9696eb48a3d7'
);
INSERT INTO links (id, type, link, user_id) VALUES (
    '2cdadaba-e9be-4dde-ab68-a115f190c152', 'WEBSITE', 'http://flores-jackson.net/', 'a0cec4a9-ed6e-4f95-b81d-3d1271a92b85'
);
INSERT INTO links (id, type, link, user_id) VALUES (
    'c4a29b8b-83c3-43fb-af10-bc64573103a8', 'LINKEDIN', 'https://www.hubbard.com/', 'c1b54672-f483-449b-b0e6-8502b6f1b54c'
);
INSERT INTO links (id, type, link, user_id) VALUES (
    'cdf2b6e6-5b35-4a52-abb8-f6bb4282b6c1', 'RESEARCHGATE', 'https://simpson-golden.com/', 'c1b54672-f483-449b-b0e6-8502b6f1b54c'
);
INSERT INTO links (id, type, link, user_id) VALUES (
    '3a25584e-fd5d-4d0d-a356-3f1b54ceb27a', 'LINKEDIN', 'http://www.frey.net/', 'b7b9b825-18f2-43fa-a6f4-992651d8a0a2'
);
INSERT INTO links (id, type, link, user_id) VALUES (
    'fabcb255-f851-4e50-96e9-d79dc4177a87', 'RESEARCHGATE', 'http://gutierrez.com/', '782771da-39dc-4ed1-b5f9-b35f185aea53'
);
INSERT INTO links (id, type, link, user_id) VALUES (
    '76211c2e-8fc8-4c33-84cf-39f55cfaf9ef', 'WEBSITE', 'http://www.vang-meyer.net/', '782771da-39dc-4ed1-b5f9-b35f185aea53'
);
INSERT INTO links (id, type, link, user_id) VALUES (
    '9ee65a0c-b6ca-496e-98f3-f920cbd7689e', 'OTHER', 'http://www.bell.com/', '5fdb2598-0c8a-4ba8-bac5-678abc01de14'
);
INSERT INTO links (id, type, link, user_id) VALUES (
    'c9d4d5ed-4a2b-40ba-8279-27f8763b02c1', 'RESEARCHGATE', 'http://www.owens-hess.com/', '5fdb2598-0c8a-4ba8-bac5-678abc01de14'
);
INSERT INTO links (id, type, link, user_id) VALUES (
    'f0c8393c-75e8-426f-a079-0a5bd11a794f', 'OTHER', 'https://www.miller.net/', '86eaf371-6827-4583-ad0e-7384be573573'
);
INSERT INTO links (id, type, link, user_id) VALUES (
    '41d08e7c-95d8-4f42-a6f9-f9ee8199be94', 'GITHUB', 'http://castillo.com/', '86eaf371-6827-4583-ad0e-7384be573573'
);
INSERT INTO conferences (id, name, description, location, start_date, end_date) VALUES (
    'f2f0b63d-9155-4257-a6f9-a1e44f3b0e79', 'Ergonomic upward-trending throughput', 'Even sometimes nation many none. Wife discuss wait religious show hard run.',
    'West Jessicastad', '2024-06-27 09:07:34', '2024-06-30 09:07:34'
);
INSERT INTO conferences (id, name, description, location, start_date, end_date) VALUES (
    '846db89b-ecd8-46a0-83ef-fdd6c163c813', 'Profit-focused optimizing conglomeration', 'Ask public onto. Foot suggest open huge.',
    'Reynoldsmouth', '2023-10-04 21:22:38', '2023-10-06 21:22:38'
);
INSERT INTO conferences (id, name, description, location, start_date, end_date) VALUES (
    'd81046ce-b88e-4059-a47a-78b45729a93a', 'Programmable intangible benchmark', 'The do always picture camera report. Cover laugh share take century without.',
    'New Dianefort', '2024-11-12 16:48:28', '2024-11-16 16:48:28'
);
INSERT INTO conferences (id, name, description, location, start_date, end_date) VALUES (
    '28452427-5642-4415-9f3a-a015e6c27226', 'De-engineered optimizing adapter', 'Report especially system general.',
    'Michaelshire', '2023-12-21 16:28:39', '2023-12-22 16:28:39'
);
INSERT INTO conferences (id, name, description, location, start_date, end_date) VALUES (
    'f70e64b3-e730-4bef-916b-62193d094902', 'Enterprise-wide demand-driven moratorium', 'Open walk possible game sound unit.',
    'West Amychester', '2023-11-03 02:57:25', '2023-11-05 02:57:25'
);
INSERT INTO publications (id, title, journal, status, visibility, submitter_id, conference_id, submitted_at) VALUES (
    '920f4b3a-f00f-4490-bf74-1446bc3c3c15', 'Quite improve class trouble girl.', 'Behavior Journal',
    'APPROVED', 'PRIVATE',
    '3e272e72-a52f-41af-8366-063c2a046906', 'd81046ce-b88e-4059-a47a-78b45729a93a', '2025-04-14T15:41:11'
);
INSERT INTO publications (id, title, journal, status, visibility, submitter_id, conference_id, submitted_at) VALUES (
    '871db2a1-ec33-458c-bff7-4174f73fd809', 'Part generation provide card pass sea so.', 'Later Journal',
    'DRAFT', 'PUBLIC',
    '87410b02-b6ed-4eca-af3c-eefdc7a2189e', NULL, '2024-09-12T20:05:02'
);
INSERT INTO publications (id, title, journal, status, visibility, submitter_id, conference_id, submitted_at) VALUES (
    '9be8dd88-adee-49d3-a0aa-08a3d9bd71f4', 'Population collection responsibility participant author.', 'Election Journal',
    'APPROVED', 'PUBLIC',
    'b7b9b825-18f2-43fa-a6f4-992651d8a0a2', NULL, '2025-03-25T15:09:22'
);
INSERT INTO publications (id, title, journal, status, visibility, submitter_id, conference_id, submitted_at) VALUES (
    'b51a0743-c30c-4b74-b08e-033ffd218301', 'Budget visit out month field who laugh.', 'Ability Journal',
    'DRAFT', 'PUBLIC',
    '3e272e72-a52f-41af-8366-063c2a046906', '846db89b-ecd8-46a0-83ef-fdd6c163c813', '2025-03-05T17:52:00'
);
INSERT INTO publications (id, title, journal, status, visibility, submitter_id, conference_id, submitted_at) VALUES (
    'a860f0e3-0208-458e-a603-175e3d2c694c', 'Analysis behind happy apply.', 'Risk Journal',
    'WAITING', 'PRIVATE',
    '3e272e72-a52f-41af-8366-063c2a046906', 'f2f0b63d-9155-4257-a6f9-a1e44f3b0e79', '2024-12-23T14:35:38'
);
INSERT INTO publications (id, title, journal, status, visibility, submitter_id, conference_id, submitted_at) VALUES (
    '7f92aab7-a69f-4e28-bc4c-94dd9822be67', 'Key set environment strong tell there.', 'President Journal',
    'DRAFT', 'PUBLIC',
    'b7b9b825-18f2-43fa-a6f4-992651d8a0a2', NULL, '2025-02-04T16:32:26'
);
INSERT INTO publications (id, title, journal, status, visibility, submitter_id, conference_id, submitted_at) VALUES (
    'ec1a9862-dcfe-4b9e-b7c6-cc656a455dfc', 'Measure allow where between hot realize institution.', 'Challenge Journal',
    'WAITING', 'PRIVATE',
    '86eaf371-6827-4583-ad0e-7384be573573', 'd81046ce-b88e-4059-a47a-78b45729a93a', '2025-02-06T02:20:41'
);
INSERT INTO publications (id, title, journal, status, visibility, submitter_id, conference_id, submitted_at) VALUES (
    '4a40aaf0-69d1-4afc-bcb7-9c0239347eb1', 'Stock class according.', 'Leave Journal',
    'WAITING', 'PRIVATE',
    '87410b02-b6ed-4eca-af3c-eefdc7a2189e', '28452427-5642-4415-9f3a-a015e6c27226', '2025-03-27T09:58:38'
);
INSERT INTO publications (id, title, journal, status, visibility, submitter_id, conference_id, submitted_at) VALUES (
    '376fb2a8-eda5-4ba5-8b10-d3d284dc5eff', 'Power science someone make interview.', 'Final Journal',
    'APPROVED', 'PUBLIC',
    '5fdb2598-0c8a-4ba8-bac5-678abc01de14', '846db89b-ecd8-46a0-83ef-fdd6c163c813', '2024-09-30T01:20:05'
);
INSERT INTO publications (id, title, journal, status, visibility, submitter_id, conference_id, submitted_at) VALUES (
    '1875ac73-a37a-4158-88da-5c8d4753dc72', 'Call draw child nature blood early impact.', 'Sport Journal',
    'DRAFT', 'PRIVATE',
    '87410b02-b6ed-4eca-af3c-eefdc7a2189e', '28452427-5642-4415-9f3a-a015e6c27226', '2024-11-16T21:14:55'
);
INSERT INTO publication_files (id, file_type, file_path, publication_id) VALUES (
    '895993df-e2a7-49be-ab2b-9487c7cbf83f', 'DATASET', '/files/895993df-e2a7-49be-ab2b-9487c7cbf83f.pdf', '920f4b3a-f00f-4490-bf74-1446bc3c3c15'
);
INSERT INTO publication_files (id, file_type, file_path, publication_id) VALUES (
    '89da6697-0f32-46de-8424-2661f8f2048f', 'OTHER', '/files/89da6697-0f32-46de-8424-2661f8f2048f.pdf', '920f4b3a-f00f-4490-bf74-1446bc3c3c15'
);
INSERT INTO publication_files (id, file_type, file_path, publication_id) VALUES (
    'dfbba533-f641-45e9-8bd4-6400f3e5cd20', 'DOCX', '/files/dfbba533-f641-45e9-8bd4-6400f3e5cd20.pdf', '871db2a1-ec33-458c-bff7-4174f73fd809'
);
INSERT INTO publication_files (id, file_type, file_path, publication_id) VALUES (
    '17758cad-0928-4303-b759-5ecc43c9d714', 'DATASET', '/files/17758cad-0928-4303-b759-5ecc43c9d714.pdf', '871db2a1-ec33-458c-bff7-4174f73fd809'
);
INSERT INTO publication_files (id, file_type, file_path, publication_id) VALUES (
    '721a2938-9c94-4562-b30c-ced6649747ea', 'DATASET', '/files/721a2938-9c94-4562-b30c-ced6649747ea.pdf', '9be8dd88-adee-49d3-a0aa-08a3d9bd71f4'
);
INSERT INTO publication_files (id, file_type, file_path, publication_id) VALUES (
    '21a50196-121b-4ca1-b2e1-56e23d4a2828', 'OTHER', '/files/21a50196-121b-4ca1-b2e1-56e23d4a2828.pdf', 'b51a0743-c30c-4b74-b08e-033ffd218301'
);
INSERT INTO publication_files (id, file_type, file_path, publication_id) VALUES (
    '581c8abe-613b-42cc-945c-06f37d0a22e9', 'DATASET', '/files/581c8abe-613b-42cc-945c-06f37d0a22e9.pdf', 'b51a0743-c30c-4b74-b08e-033ffd218301'
);
INSERT INTO publication_files (id, file_type, file_path, publication_id) VALUES (
    'c4e1bd53-0ef6-4ac0-8b66-6f5e701536cb', 'DOCX', '/files/c4e1bd53-0ef6-4ac0-8b66-6f5e701536cb.pdf', 'a860f0e3-0208-458e-a603-175e3d2c694c'
);
INSERT INTO publication_files (id, file_type, file_path, publication_id) VALUES (
    'd7e07b84-4fc5-42ec-bcd1-dea4bbd25022', 'DOCX', '/files/d7e07b84-4fc5-42ec-bcd1-dea4bbd25022.pdf', '7f92aab7-a69f-4e28-bc4c-94dd9822be67'
);
INSERT INTO publication_files (id, file_type, file_path, publication_id) VALUES (
    '0f9e5438-f269-4ca9-a12f-bc8b3b3f33d3', 'PDF', '/files/0f9e5438-f269-4ca9-a12f-bc8b3b3f33d3.pdf', '7f92aab7-a69f-4e28-bc4c-94dd9822be67'
);
INSERT INTO publication_files (id, file_type, file_path, publication_id) VALUES (
    'c03ab457-34b7-451f-8eb5-b098bbe0043d', 'DATASET', '/files/c03ab457-34b7-451f-8eb5-b098bbe0043d.pdf', 'ec1a9862-dcfe-4b9e-b7c6-cc656a455dfc'
);
INSERT INTO publication_files (id, file_type, file_path, publication_id) VALUES (
    '4ad8bb67-b766-4999-9aa4-71703c8df85d', 'DOCX', '/files/4ad8bb67-b766-4999-9aa4-71703c8df85d.pdf', '4a40aaf0-69d1-4afc-bcb7-9c0239347eb1'
);
INSERT INTO publication_files (id, file_type, file_path, publication_id) VALUES (
    '6b80ceae-8e62-4af2-a69e-0af2229b2997', 'OTHER', '/files/6b80ceae-8e62-4af2-a69e-0af2229b2997.pdf', '4a40aaf0-69d1-4afc-bcb7-9c0239347eb1'
);
INSERT INTO publication_files (id, file_type, file_path, publication_id) VALUES (
    'a449453e-53ab-47c2-9c35-f338c25b7b53', 'DOCX', '/files/a449453e-53ab-47c2-9c35-f338c25b7b53.pdf', '376fb2a8-eda5-4ba5-8b10-d3d284dc5eff'
);
INSERT INTO publication_files (id, file_type, file_path, publication_id) VALUES (
    '1c07937c-2fa3-4660-b23e-f38cc82dffe7', 'PDF', '/files/1c07937c-2fa3-4660-b23e-f38cc82dffe7.pdf', '1875ac73-a37a-4158-88da-5c8d4753dc72'
);
INSERT INTO groups (id, title, description, status, created_at, leader_id, publication_id) VALUES (
    'ff68c339-c5bd-4a55-b576-9719babef6b3', 'Exploit Granular Functionalities', 'Hold still voice full other.',
    'FINISHED',
    '2025-05-05T13:34:12.419195', 'b7b9b825-18f2-43fa-a6f4-992651d8a0a2', '9be8dd88-adee-49d3-a0aa-08a3d9bd71f4'
);
INSERT INTO groups (id, title, description, status, created_at, leader_id, publication_id) VALUES (
    '9589c2f5-8dba-4fb9-a3fa-18b70b57da5c', 'Re-Intermediate One-To-One Web-Readiness', 'Young change enjoy life include.',
    'ONGOINING',
    '2025-05-05T13:34:12.419398', '782771da-39dc-4ed1-b5f9-b35f185aea53', '920f4b3a-f00f-4490-bf74-1446bc3c3c15'
);
INSERT INTO groups (id, title, description, status, created_at, leader_id, publication_id) VALUES (
    '2f15dfb8-4d5b-44cd-b911-9c7beab3570f', 'Scale Collaborative E-Tailers', 'Tell make stock son medical at.',
    'DELETED',
    '2025-05-05T13:34:12.419963', '3e272e72-a52f-41af-8366-063c2a046906', '376fb2a8-eda5-4ba5-8b10-d3d284dc5eff'
);
INSERT INTO groups (id, title, description, status, created_at, leader_id, publication_id) VALUES (
    'c5150188-3c36-4e7e-a7be-252d68e2424a', 'Mesh Cutting-Edge Methodologies', 'War fill fill necessary happen her.',
    'DELETED',
    '2025-05-05T13:34:12.420190', '87410b02-b6ed-4eca-af3c-eefdc7a2189e', 'b51a0743-c30c-4b74-b08e-033ffd218301'
);
INSERT INTO groups (id, title, description, status, created_at, leader_id, publication_id) VALUES (
    'b49ae0fb-07ea-44aa-8f8e-dbe21122aa25', 'Extend Sticky Roi', 'Huge respond black.',
    'SUSPENDED',
    '2025-05-05T13:34:12.420711', '20cc842c-cb28-4b36-9ddb-4f7fa26e44f8', 'b51a0743-c30c-4b74-b08e-033ffd218301'
);
INSERT INTO group_user (user_id, group_id, created_at) VALUES (
    'eb55a489-c602-4d5e-a27a-9696eb48a3d7', 'ff68c339-c5bd-4a55-b576-9719babef6b3', '2025-01-14T13:05:57'
);
INSERT INTO group_user (user_id, group_id, created_at) VALUES (
    '3e272e72-a52f-41af-8366-063c2a046906', 'ff68c339-c5bd-4a55-b576-9719babef6b3', '2024-08-12T13:26:11'
);
INSERT INTO group_user (user_id, group_id, created_at) VALUES (
    'b7b9b825-18f2-43fa-a6f4-992651d8a0a2', 'ff68c339-c5bd-4a55-b576-9719babef6b3', '2024-09-02T22:51:05'
);
INSERT INTO group_user (user_id, group_id, created_at) VALUES (
    '86eaf371-6827-4583-ad0e-7384be573573', 'ff68c339-c5bd-4a55-b576-9719babef6b3', '2024-10-30T01:02:03'
);
INSERT INTO group_user (user_id, group_id, created_at) VALUES (
    '87410b02-b6ed-4eca-af3c-eefdc7a2189e', 'ff68c339-c5bd-4a55-b576-9719babef6b3', '2024-08-27T11:30:49'
);
INSERT INTO group_user (user_id, group_id, created_at) VALUES (
    '87410b02-b6ed-4eca-af3c-eefdc7a2189e', '9589c2f5-8dba-4fb9-a3fa-18b70b57da5c', '2024-12-11T21:49:47'
);
INSERT INTO group_user (user_id, group_id, created_at) VALUES (
    '3e272e72-a52f-41af-8366-063c2a046906', '9589c2f5-8dba-4fb9-a3fa-18b70b57da5c', '2024-08-29T15:49:26'
);
INSERT INTO group_user (user_id, group_id, created_at) VALUES (
    '782771da-39dc-4ed1-b5f9-b35f185aea53', '9589c2f5-8dba-4fb9-a3fa-18b70b57da5c', '2025-01-27T13:41:08'
);
INSERT INTO group_user (user_id, group_id, created_at) VALUES (
    '86eaf371-6827-4583-ad0e-7384be573573', '9589c2f5-8dba-4fb9-a3fa-18b70b57da5c', '2024-06-13T08:13:23'
);
INSERT INTO group_user (user_id, group_id, created_at) VALUES (
    '5fdb2598-0c8a-4ba8-bac5-678abc01de14', '9589c2f5-8dba-4fb9-a3fa-18b70b57da5c', '2024-05-27T14:50:11'
);
INSERT INTO group_user (user_id, group_id, created_at) VALUES (
    'a0cec4a9-ed6e-4f95-b81d-3d1271a92b85', '2f15dfb8-4d5b-44cd-b911-9c7beab3570f', '2025-02-15T17:11:12'
);
INSERT INTO group_user (user_id, group_id, created_at) VALUES (
    'eb55a489-c602-4d5e-a27a-9696eb48a3d7', '2f15dfb8-4d5b-44cd-b911-9c7beab3570f', '2024-07-25T11:59:58'
);
INSERT INTO group_user (user_id, group_id, created_at) VALUES (
    '86eaf371-6827-4583-ad0e-7384be573573', '2f15dfb8-4d5b-44cd-b911-9c7beab3570f', '2025-02-22T16:47:41'
);
INSERT INTO group_user (user_id, group_id, created_at) VALUES (
    '3e272e72-a52f-41af-8366-063c2a046906', 'c5150188-3c36-4e7e-a7be-252d68e2424a', '2025-02-15T09:06:02'
);
INSERT INTO group_user (user_id, group_id, created_at) VALUES (
    'eb55a489-c602-4d5e-a27a-9696eb48a3d7', 'c5150188-3c36-4e7e-a7be-252d68e2424a', '2024-09-29T05:06:10'
);
INSERT INTO group_user (user_id, group_id, created_at) VALUES (
    'a0cec4a9-ed6e-4f95-b81d-3d1271a92b85', 'c5150188-3c36-4e7e-a7be-252d68e2424a', '2024-11-03T05:44:18'
);
INSERT INTO group_user (user_id, group_id, created_at) VALUES (
    '5fdb2598-0c8a-4ba8-bac5-678abc01de14', 'c5150188-3c36-4e7e-a7be-252d68e2424a', '2024-07-03T12:06:34'
);
INSERT INTO group_user (user_id, group_id, created_at) VALUES (
    '3e272e72-a52f-41af-8366-063c2a046906', 'b49ae0fb-07ea-44aa-8f8e-dbe21122aa25', '2024-07-07T07:54:13'
);
INSERT INTO group_user (user_id, group_id, created_at) VALUES (
    'a0cec4a9-ed6e-4f95-b81d-3d1271a92b85', 'b49ae0fb-07ea-44aa-8f8e-dbe21122aa25', '2024-07-13T06:18:11'
);
INSERT INTO group_user (user_id, group_id, created_at) VALUES (
    '87410b02-b6ed-4eca-af3c-eefdc7a2189e', 'b49ae0fb-07ea-44aa-8f8e-dbe21122aa25', '2024-10-12T00:36:27'
);
INSERT INTO group_user (user_id, group_id, created_at) VALUES (
    '5fdb2598-0c8a-4ba8-bac5-678abc01de14', 'b49ae0fb-07ea-44aa-8f8e-dbe21122aa25', '2024-11-17T13:31:54'
);
INSERT INTO group_user (user_id, group_id, created_at) VALUES (
    '782771da-39dc-4ed1-b5f9-b35f185aea53', 'b49ae0fb-07ea-44aa-8f8e-dbe21122aa25', '2025-01-05T14:31:32'
);
INSERT INTO speaker (id, user_id, conference_id, affiliation, title, created_at, updated_at) VALUES (
    40, 'eb55a489-c602-4d5e-a27a-9696eb48a3d7', 'f2f0b63d-9155-4257-a6f9-a1e44f3b0e79', 'Green-Harris', 'Sports therapist', '2025-05-05 13:34:12', '2025-05-05 13:34:12'
);
INSERT INTO speaker (id, user_id, conference_id, affiliation, title, created_at, updated_at) VALUES (
    974, '3e272e72-a52f-41af-8366-063c2a046906', '846db89b-ecd8-46a0-83ef-fdd6c163c813', 'Williams-Blankenship', 'Physiological scientist', '2025-05-05 13:34:12', '2025-05-05 13:34:12'
);
INSERT INTO speaker (id, user_id, conference_id, affiliation, title, created_at, updated_at) VALUES (
    348, '20cc842c-cb28-4b36-9ddb-4f7fa26e44f8', 'd81046ce-b88e-4059-a47a-78b45729a93a', 'Holmes and Sons', 'Radio broadcast assistant', '2025-05-05 13:34:12', '2025-05-05 13:34:12'
);
INSERT INTO speaker (id, user_id, conference_id, affiliation, title, created_at, updated_at) VALUES (
    338, 'c1b54672-f483-449b-b0e6-8502b6f1b54c', '28452427-5642-4415-9f3a-a015e6c27226', 'Ellis-Cunningham', 'Investment analyst', '2025-05-05 13:34:12', '2025-05-05 13:34:12'
);
INSERT INTO speaker (id, user_id, conference_id, affiliation, title, created_at, updated_at) VALUES (
    693, 'c1b54672-f483-449b-b0e6-8502b6f1b54c', 'f70e64b3-e730-4bef-916b-62193d094902', 'Lopez-Trujillo', 'Clinical research associate', '2025-05-05 13:34:12', '2025-05-05 13:34:12'
);
-- Create conversations for the direct messages
INSERT INTO conversations (id, group_id, conversation_type, created_at, updated_at) VALUES (
    'a1b2c3d4-e5f6-7890-a1b2-c3d4e5f67890', NULL, 'DIRECT', '2025-05-05T13:29:00', '2025-05-05T13:34:10'
);
INSERT INTO conversations (id, group_id, conversation_type, created_at, updated_at) VALUES (
    'b2c3d4e5-f6a7-890b-1c2d-3e4f5a6b7c8d', NULL, 'DIRECT', '2025-05-05T13:29:00', '2025-05-05T13:34:10'
);
INSERT INTO conversations (id, group_id, conversation_type, created_at, updated_at) VALUES (
    'c3d4e5f6-a7b8-901c-2d3e-4f5a6b7c8d9e', NULL, 'DIRECT', '2025-05-05T13:29:00', '2025-05-05T13:34:10'
);
INSERT INTO conversations (id, group_id, conversation_type, created_at, updated_at) VALUES (
    'd4e5f6a7-b8c9-012d-3e4f-5a6b7c8d9e0f', NULL, 'DIRECT', '2025-05-05T13:29:00', '2025-05-05T13:34:10'
);
INSERT INTO conversations (id, group_id, conversation_type, created_at, updated_at) VALUES (
    'e5f6a7b8-c9d0-123e-4f5a-6b7c8d9e0f1a', NULL, 'DIRECT', '2025-05-05T13:29:00', '2025-05-05T13:34:10'
);

-- Add participants to conversations
-- Conversation 1: Between 5fdb2598-0c8a-4ba8-bac5-678abc01de14 and 87410b02-b6ed-4eca-af3c-eefdc7a2189e
INSERT INTO conversation_participants (conversation_id, user_id, created_at, role) VALUES (
    'a1b2c3d4-e5f6-7890-a1b2-c3d4e5f67890', '5fdb2598-0c8a-4ba8-bac5-678abc01de14', '2025-05-05T13:29:00', 'MEMBER'
);
INSERT INTO conversation_participants (conversation_id, user_id, created_at, role) VALUES (
    'a1b2c3d4-e5f6-7890-a1b2-c3d4e5f67890', '87410b02-b6ed-4eca-af3c-eefdc7a2189e', '2025-05-05T13:29:00', 'MEMBER'
);

-- Conversation 2: Between 5fdb2598-0c8a-4ba8-bac5-678abc01de14 and 20cc842c-cb28-4b36-9ddb-4f7fa26e44f8
INSERT INTO conversation_participants (conversation_id, user_id, created_at, role) VALUES (
    'b2c3d4e5-f6a7-890b-1c2d-3e4f5a6b7c8d', '5fdb2598-0c8a-4ba8-bac5-678abc01de14', '2025-05-05T13:29:00', 'MEMBER'
);
INSERT INTO conversation_participants (conversation_id, user_id, created_at, role) VALUES (
    'b2c3d4e5-f6a7-890b-1c2d-3e4f5a6b7c8d', '20cc842c-cb28-4b36-9ddb-4f7fa26e44f8', '2025-05-05T13:29:00', 'MEMBER'
);

-- Conversation 3: Between 87410b02-b6ed-4eca-af3c-eefdc7a2189e and 3e272e72-a52f-41af-8366-063c2a046906
INSERT INTO conversation_participants (conversation_id, user_id, created_at, role) VALUES (
    'c3d4e5f6-a7b8-901c-2d3e-4f5a6b7c8d9e', '87410b02-b6ed-4eca-af3c-eefdc7a2189e', '2025-05-05T13:29:00', 'MEMBER'
);
INSERT INTO conversation_participants (conversation_id, user_id, created_at, role) VALUES (
    'c3d4e5f6-a7b8-901c-2d3e-4f5a6b7c8d9e', '3e272e72-a52f-41af-8366-063c2a046906', '2025-05-05T13:29:00', 'MEMBER'
);

-- Conversation 4: Between a0cec4a9-ed6e-4f95-b81d-3d1271a92b85 and 3e272e72-a52f-41af-8366-063c2a046906
INSERT INTO conversation_participants (conversation_id, user_id, created_at, role) VALUES (
    'd4e5f6a7-b8c9-012d-3e4f-5a6b7c8d9e0f', 'a0cec4a9-ed6e-4f95-b81d-3d1271a92b85', '2025-05-05T13:29:00', 'MEMBER'
);
INSERT INTO conversation_participants (conversation_id, user_id, created_at, role) VALUES (
    'd4e5f6a7-b8c9-012d-3e4f-5a6b7c8d9e0f', '3e272e72-a52f-41af-8366-063c2a046906', '2025-05-05T13:29:00', 'MEMBER'
);

-- Conversation 5: Between eb55a489-c602-4d5e-a27a-9696eb48a3d7 and b7b9b825-18f2-43fa-a6f4-992651d8a0a2
INSERT INTO conversation_participants (conversation_id, user_id, created_at, role) VALUES (
    'e5f6a7b8-c9d0-123e-4f5a-6b7c8d9e0f1a', 'eb55a489-c602-4d5e-a27a-9696eb48a3d7', '2025-05-05T13:29:00', 'MEMBER'
);
INSERT INTO conversation_participants (conversation_id, user_id, created_at, role) VALUES (
    'e5f6a7b8-c9d0-123e-4f5a-6b7c8d9e0f1a', 'b7b9b825-18f2-43fa-a6f4-992651d8a0a2', '2025-05-05T13:29:00', 'MEMBER'
);

-- Update messages to use conversation_id instead of receiver_id
INSERT INTO messages (id, message, created_at, status, sender_id, conversation_id) VALUES (
    'cb299f54-fe6a-4858-8e53-6823bdf508a4', 'Open east wear agent possible thousand allow.', '2025-05-05T13:33:23',
    'ARCHIVED', '5fdb2598-0c8a-4ba8-bac5-678abc01de14', 'a1b2c3d4-e5f6-7890-a1b2-c3d4e5f67890'
);
INSERT INTO messages (id, message, created_at, status, sender_id, conversation_id) VALUES (
    'c932080c-d669-4be2-a8df-5d35e07da527', 'Charge until argue hospital less common maybe.', '2025-05-05T13:32:25',
    'SENT', '5fdb2598-0c8a-4ba8-bac5-678abc01de14', 'b2c3d4e5-f6a7-890b-1c2d-3e4f5a6b7c8d'
);
INSERT INTO messages (id, message, created_at, status, sender_id, conversation_id) VALUES (
    '07d53642-841f-4168-8e2e-5da645563c3e', 'Enjoy single cup will wonder military material.', '2025-05-05T13:31:55',
    'SENT', '87410b02-b6ed-4eca-af3c-eefdc7a2189e', 'c3d4e5f6-a7b8-901c-2d3e-4f5a6b7c8d9e'
);
INSERT INTO messages (id, message, created_at, status, sender_id, conversation_id) VALUES (
    '9ab5695a-1c82-4ceb-a91e-d3e94f57e2e9', 'Lose although exist institution skin until continue know.', '2025-05-05T13:34:10',
    'READ', 'a0cec4a9-ed6e-4f95-b81d-3d1271a92b85', 'd4e5f6a7-b8c9-012d-3e4f-5a6b7c8d9e0f'
);
INSERT INTO messages (id, message, created_at, status, sender_id, conversation_id) VALUES (
    '88c1b4ce-5d3c-48de-9083-337dd34a7f2e', 'Box form physical method against modern.', '2025-05-05T13:32:33',
    'SENT', 'eb55a489-c602-4d5e-a27a-9696eb48a3d7', 'e5f6a7b8-c9d0-123e-4f5a-6b7c8d9e0f1a'
);
INSERT INTO messages (id, message, created_at, status, sender_id, conversation_id) VALUES (
    '3ac9167b-ed58-47d1-9d3f-03bf4809d594', 'Seat worker painting partner party develop forward different whole heart.', '2025-05-05T13:29:31',
    'ARCHIVED', '782771da-39dc-4ed1-b5f9-b35f185aea53', 'a1b2c3d4-e5f6-7890-a1b2-c3d4e5f67890'
);
INSERT INTO messages (id, message, created_at, status, sender_id, conversation_id) VALUES (
    '5bc5ecbb-a4c8-4777-9bfc-3648a4b5d208', 'Player charge subject visit soon safe treat.', '2025-05-05T13:31:37',
    'ARCHIVED', '5fdb2598-0c8a-4ba8-bac5-678abc01de14', 'a1b2c3d4-e5f6-7890-a1b2-c3d4e5f67890'
);
INSERT INTO messages (id, message, created_at, status, sender_id, conversation_id) VALUES (
    'afdf6661-5c49-4c00-9225-7c95de21dee2', 'Budget opportunity left strong water among head have avoid policy.', '2025-05-05T13:30:01',
    'ARCHIVED', '87410b02-b6ed-4eca-af3c-eefdc7a2189e', 'a1b2c3d4-e5f6-7890-a1b2-c3d4e5f67890'
);
INSERT INTO messages (id, message, created_at, status, sender_id, conversation_id) VALUES (
    '1ca33457-4f63-4779-bd8e-30c29fcfbe05', 'Site mention talk action ahead practice night election.', '2025-05-05T13:29:31',
    'ARCHIVED', 'eb55a489-c602-4d5e-a27a-9696eb48a3d7', 'e5f6a7b8-c9d0-123e-4f5a-6b7c8d9e0f1a'
);
INSERT INTO messages (id, message, created_at, status, sender_id, conversation_id) VALUES (
    '58a09372-100a-4988-8c30-a48fcfa266cf', 'Sit similar mean half pattern.', '2025-05-05T13:34:09',
    'SENT', 'a0cec4a9-ed6e-4f95-b81d-3d1271a92b85', 'd4e5f6a7-b8c9-012d-3e4f-5a6b7c8d9e0f'
);

-- Rest of the file (notifications) remains the same
INSERT INTO notifications (id, message, created_at, read_status, user_id) VALUES (
    '16953fe8-7553-4fc0-8054-e90ce238904c', 'Particularly special real actually major class use.', '2025-05-05T13:29:25',
    TRUE, '86eaf371-6827-4583-ad0e-7384be573573'
);
INSERT INTO notifications (id, message, created_at, read_status, user_id) VALUES (
    '5ed0c639-82f4-4efb-a3ea-63ff582caf29', 'Plant fish we stand process approach.', '2025-05-05T13:31:03',
    TRUE, '5fdb2598-0c8a-4ba8-bac5-678abc01de14'
);
INSERT INTO notifications (id, message, created_at, read_status, user_id) VALUES (
    '96c29c6b-2345-4614-a65a-8495ff0041c7', 'Some spend because discover stay.', '2025-05-05T13:32:22',
    TRUE, '5fdb2598-0c8a-4ba8-bac5-678abc01de14'
);
INSERT INTO notifications (id, message, created_at, read_status, user_id) VALUES (
    '0f39c9a0-2021-43a8-bbaf-3f27d51c8729', 'No me feel me idea pressure town.', '2025-05-05T13:32:03',
    FALSE, '782771da-39dc-4ed1-b5f9-b35f185aea53'
);
INSERT INTO notifications (id, message, created_at, read_status, user_id) VALUES (
    '764dda84-983b-4fe0-a9d6-23b115102222', 'Instead good so manager subject cut.', '2025-05-05T13:29:55',
    FALSE, '86eaf371-6827-4583-ad0e-7384be573573'
);
INSERT INTO notifications (id, message, created_at, read_status, user_id) VALUES (
    'eba09642-6763-447a-aa26-141ee2ca033d', 'Knowledge visit list wide official carry again.', '2025-05-05T13:33:31',
    FALSE, '87410b02-b6ed-4eca-af3c-eefdc7a2189e'
);
INSERT INTO notifications (id, message, created_at, read_status, user_id) VALUES (
    'ed7f27fb-c8b7-445a-ba67-4340f20f6d57', 'Effort fall reality movie able write.', '2025-05-05T13:30:30',
    TRUE, '5fdb2598-0c8a-4ba8-bac5-678abc01de14'
);
INSERT INTO notifications (id, message, created_at, read_status, user_id) VALUES (
    '9c5176bb-c69c-49a5-bab7-041592546f31', 'Peace once drop firm edge body.', '2025-05-05T13:31:21',
    TRUE, '5fdb2598-0c8a-4ba8-bac5-678abc01de14'
);
INSERT INTO notifications (id, message, created_at, read_status, user_id) VALUES (
    '2470d85e-c806-4670-b0aa-fa3fbd831724', 'Leave exactly organization claim kitchen quite chair.', '2025-05-05T13:31:24',
    FALSE, 'c1b54672-f483-449b-b0e6-8502b6f1b54c'
);
INSERT INTO notifications (id, message, created_at, read_status, user_id) VALUES (
    '337798db-18c2-45bb-8fd1-f617b93b8431', 'Prove around himself fear available professor.', '2025-05-05T13:29:51',
    TRUE, '87410b02-b6ed-4eca-af3c-eefdc7a2189e'
);
